Reference,Qty,Value,Footprint,Datasheet
3.3V-StatusLED1,1,0805-LED0,LED_SMD:LED_0805_2012Metric_Pad1.15x1.40mm_HandSolder,~
5VCC-ProbePoint1,1,Conn_01x02_Pin,Connector_PinHeader_2.54mm:PinHeader_1x02_P2.54mm_Vertical,~
"C1_BME280,C2_BME280,CFT232-Decouple1,Cvin-24V1,C_FTdecouple1",5,100nF,Capacitor_SMD:C_0805_2012Metric_Pad1.18x1.45mm_HandSolder,~
"C12-24V1,Cff-5V1",2,100pF,Capacitor_SMD:C_0603_1608Metric_Pad1.08x0.95mm_HandSolder,~
Cboot-5V1,1,100nF 280mOhm,Capacitor_SMD:C_0805_2012Metric_Pad1.18x1.45mm_HandSolder,~
Cboot-24V1,1,220nF,Capacitor_SMD:C_0603_1608Metric_Pad1.08x0.95mm_HandSolder,~
"Cboot1,Cboot2,Cinx-5V1,C_ADC_Decap3,C_ADC_Decap4,C_BNO_Decap1,C_BNO_Decap2,C_GPS_Decap2,C_H3L_Decap2,C_SD_Decap1,C_STM_Decap1,C_STM_Decap2,C_STM_Decap3,C_STM_Decap4,C_STM_Decap5,C_XBee_Decap2",16,100nF,Capacitor_SMD:C_0603_1608Metric_Pad1.08x0.95mm_HandSolder,~
Ccomp-24V1,1,2.2nF,Capacitor_SMD:C_0805_2012Metric_Pad1.18x1.45mm_HandSolder,~
Ccomp1,1,1nF,Capacitor_SMD:C_0805_2012Metric_Pad1.18x1.45mm_HandSolder,~
Ccomp2,1,6.8pF,Capacitor_SMD:C_0402_1005Metric_Pad0.74x0.62mm_HandSolder,~
Ccomp2-24V1,1,390pF,Capacitor_SMD:C_0402_1005Metric_Pad0.74x0.62mm_HandSolder,~
Cin1,1,180uF,Capacitor_SMD:CP_Elec_8x11.9,~
Cin1-5V1,1,15uF 1.669mOhm,Capacitor_SMD:C_0805_2012Metric_Pad1.18x1.45mm_HandSolder,~
"Cin1-24V1,Cin2-24V1,Cin3-24V1,Cinx1",4,10uF,Capacitor_SMD:C_1210_3225Metric_Pad1.33x2.70mm_HandSolder,~
Cinx2,1,1uF,Capacitor_SMD:C_0402_1005Metric_Pad0.74x0.62mm_HandSolder,~
Cout-5V1,1,47uF,Capacitor_SMD:C_1210_3225Metric_Pad1.33x2.70mm_HandSolder,~
Cout-24V1,1,33uF,Capacitor_SMD:CP_Elec_6.3x7.7,~
Cout1,1,220uF,Capacitor_SMD:C_Elec_6.3x5.8,~
"Coutx1/3,Coutx2/3,Coutx3/3",3,22uF,Capacitor_SMD:C_1210_3225Metric_Pad1.33x2.70mm_HandSolder,~
Coutx2,1,1uF,Capacitor_SMD:C_0603_1608Metric_Pad1.08x0.95mm_HandSolder,~
CR2032-BAT1,1,Conn_01x02_Socket,Battery:BatteryHolder_Keystone_1060_1x2032,~
Css-24V1,1,4.7nF,Capacitor_SMD:C_0603_1608Metric_Pad1.08x0.95mm_HandSolder,~
"Cvcc-24V1,C_ADC_Decap1,C_ADC_Decap2,C_BNO_Decap3,C_BNO_Decap4,C_GPS_Decap1,C_H3L_Decap1,C_SD_Decap2,C_XBee-Decap1",9,10uF,Capacitor_SMD:C_0603_1608Metric_Pad1.08x0.95mm_HandSolder,~
Cvcc1,1,4.7uF,Capacitor_SMD:C_0603_1608Metric_Pad1.08x0.95mm_HandSolder,~
C_FTdecouple2,1,4.7uF,Capacitor_SMD:C_0805_2012Metric_Pad1.18x1.45mm_HandSolder,~
C_servos1,1,1000uF,Capacitor_THT:CP_Radial_D10.0mm_P5.00mm,~
C_USB_Decap1,1,10nF,Capacitor_SMD:C_0805_2012Metric_Pad1.18x1.45mm_HandSolder,~
Dboot-24V1,1,510mV,Diode_SMD:D_SOD-123F,~
J1,1,Conn_01x02_Socket,Connector_AMASS:AMASS_XT60-F_1x02_P7.20mm_Vertical,~
J2,1,USB_C_Receptacle_USB2.0_16P,Connector_USB:USB_C_Receptacle_Amphenol_124019772112A,https://www.usb.org/sites/default/files/documents/usb_type-c.zip
J3,1,AnalogIn-Terminal3,Connector_JST:JST_XH_B3B-XH-AM_1x03_P2.50mm_Vertical,~
J4,1,AnalogIn-Terminal2,Connector_JST:JST_XH_B3B-XH-AM_1x03_P2.50mm_Vertical,~
J5,1,AnalogIn-Terminal1,Connector_JST:JST_XH_B3B-XH-AM_1x03_P2.50mm_Vertical,~
J6,1,AnalogIn-Terminal0,Connector_JST:JST_XH_B3B-XH-AM_1x03_P2.50mm_Vertical,~
J7,1,GPS-Antenna,Connector_Coaxial:SMA_Amphenol_901-144_Vertical,~
J8,1,Micro_SD_Card,Connector_Card:microSD_HC_Wuerth_693072010801,https://www.we-online.com/components/products/datasheet/693072010801.pdf
J9,1,Sol1-Connector,Connector_JST:JST_XH_B2B-XH-A_1x02_P2.50mm_Vertical,~
J10,1,xBee-Antenna1,Connector_Coaxial:SMA_Amphenol_901-144_Vertical,~
J11,1,Sol2-Connector,Connector_JST:JST_XH_B2B-XH-A_1x02_P2.50mm_Vertical,~
L1,1,3.8uH,Inductor_SMD:L_APV_APH0850,~
L1-5V1,1,3.3uH,IHLP3232DZER330M11:IHLP3232DZER330M11,~
L1-24V1,1,3.3uH,Inductor_SMD:L_Coilcraft_XAL7070-XXX,~
M1-24V1,1,60V,CSD18543Q3A:TRANS_CSD18543Q3A,https://ngspice.sourceforge.io/docs/ngspice-html-manual/manual.xhtml#cha_MOSFETs
M2-24V1,1,40V,CSD18514Q5A:MOSFET_CSD19531Q5A,https://ngspice.sourceforge.io/docs/ngspice-html-manual/manual.xhtml#cha_MOSFETs
R-3.3V-StatusLED1,1,1k,LED_SMD:LED_0805_2012Metric_Pad1.15x1.40mm_HandSolder,~
R1_BNO85,1,10k,Resistor_THT:R_Axial_DIN0204_L3.6mm_D1.6mm_P2.54mm_Vertical,~
"R1_I2C1,R2_I2C1,R_STM_PU1,R_STM_PU2",4,4.7k,Capacitor_SMD:C_0603_1608Metric_Pad1.08x0.95mm_HandSolder,~
"R13-24V1,R14-24V1",2,10,Capacitor_SMD:C_0603_1608Metric_Pad1.08x0.95mm_HandSolder,~
R19-24V1,1,2,Capacitor_SMD:C_0603_1608Metric_Pad1.08x0.95mm_HandSolder,~
Rcomp-24V1,1,5.62k,Capacitor_SMD:C_0603_1608Metric_Pad1.08x0.95mm_HandSolder,~
Rcomp1,1,105k,Capacitor_SMD:C_0603_1608Metric_Pad1.08x0.95mm_HandSolder,~
Renb1,1,100k,Capacitor_SMD:C_0603_1608Metric_Pad1.08x0.95mm_HandSolder,~
Rent1,1,137k,Capacitor_SMD:C_0603_1608Metric_Pad1.08x0.95mm_HandSolder,~
Rfbb-5V1,1,10k,Capacitor_SMD:C_0603_1608Metric_Pad1.08x0.95mm_HandSolder,~
Rfbb-24V1,1,11k,Resistor_SMD:R_0402_1005Metric_Pad0.72x0.64mm_HandSolder,~
Rfbt-5V1,1,73.2k,Resistor_SMD:R_0805_2012Metric_Pad1.20x1.40mm_HandSolder,~
Rfbt-24V1,1,205k,Capacitor_SMD:C_0603_1608Metric_Pad1.08x0.95mm_HandSolder,~
Rff-5V1,1,20k,Resistor_SMD:R_01005_0402Metric_Pad0.57x0.30mm_HandSolder,~
Rpg-5V1,1,100k,Resistor_SMD:R_01005_0402Metric_Pad0.57x0.30mm_HandSolder,~
Rpg-24V1,1,100k,Resistor_SMD:R_0402_1005Metric_Pad0.72x0.64mm_HandSolder,~
"Rsns1-24V1,Rsns2-24V1",2,7m,Resistor_SMD:R_0612_1632Metric_Pad1.18x3.40mm_HandSolder,~
Rt-24V1,1,R_US,Capacitor_SMD:C_0603_1608Metric_Pad1.08x0.95mm_HandSolder,~
Rt1,1,48.7k,Capacitor_SMD:C_0402_1005Metric_Pad0.74x0.62mm_HandSolder,~
"R_USB_rx_LED1,R_USB_tx_LED1",2,1k,Resistor_SMD:R_0805_2012Metric_Pad1.20x1.40mm_HandSolder,~
"Sol1-FlybackDiode1,Sol2-FlybackDiode1",2,1N4004,Diode_THT:D_DO-41_SOD81_P2.54mm_Vertical_KathodeUp,~
"Sol1-R-Pulldown1,Sol2-R-Pulldown1",2,10k,Resistor_THT:R_Axial_DIN0207_L6.3mm_D2.5mm_P2.54mm_Vertical,~
"Sol1-Transistor1,Sol2-Transistor1",2,RTR030N05HZG,Package_TO_SOT_SMD:SOT-323_SC-70_Handsoldering,http://www.diodes.com/assets/Datasheets/DMG3406L.pdf
"SRV_MAIN_FUEL1,SRV_MAIN_OX1,SRV_RCS_CCW1,SRV_RCS_CW1",4,Conn_01x03_Pin,Connector_PinHeader_2.54mm:PinHeader_1x03_P2.54mm_Vertical,~
STM-UART-Breakout1,1,1x7 Connector,Connector_PinHeader_2.54mm:PinHeader_1x05_P2.54mm_Vertical,~
"STMcap1,STMcap2",2,2.2uF,Capacitor_SMD:C_0603_1608Metric_Pad1.08x0.95mm_HandSolder,~
"STM_T1,STM_T2",2,2N3904,Package_TO_SOT_THT:TO-92L_HandSolder,https://ngspice.sourceforge.io/docs/ngspice-html-manual/manual.xhtml#cha_BJTs
U1,1,STM32F405RGTx,Package_QFP:LQFP-64_10x10mm_P0.5mm,https://www.st.com/resource/en/datasheet/stm32f405rg.pdf
U2,1,BNO085_C5189642,BNO085:IC_BNO085,
U3,1,MAX-M10S-00B,MAX-M10S-00B:XCVR_MAX-M10S-00B,
U4,1,H3LIS331DLTR,H3LIS331DLTR:QFN300X300X100-16N,
U6,1,TPS55289RYQR,Ti:VREG_TPS55289RYQR,
U7,1,TPS43060RTER,TPS43060RTER:QFN50P300X300X80-17N,
U8,1,TPS56637RPAR,TPS56637RPAR:CONV_TPS56637RPAR,
U9,1,XBP9X-DMUS-001,XBP9X-DMUS-001:XCVR_XBP9X-DMUS-001,
U10,1,FT232RL,Package_SO:SSOP-28_5.3x10.2mm_P0.65mm,https://www.ftdichip.com/Support/Documents/DataSheets/ICs/DS_FT232R.pdf
U11,1,BME280,BME280:PSON65P250X250X100-8N,
U12,1,ADS1256IDBRG4,ADS1256IDBRG4:SOP65P780X200-28N,
USB_rx_LED1,1,0805-LED2,LED_SMD:LED_0805_2012Metric_Pad1.15x1.40mm_HandSolder,~
USB_tx_LED1,1,0805-LED1,LED_SMD:LED_0805_2012Metric_Pad1.15x1.40mm_HandSolder,~
